"Diet","Average_Bodyweight"
"chow",23.8133333333333
"hf",26.8341666666667
